model,true_route,predicted_route,count
base,customer-crm,customer-crm,110
base,customer-crm,finance-accounting,12
base,customer-crm,fraud-review,0
base,customer-crm,insurance-operations,0
base,customer-crm,it-ot-operations,0
base,customer-crm,manufacturing-operations,0
base,customer-crm,payment-operations,0
base,customer-crm,shipping-logistics,3
base,finance-accounting,customer-crm,0
base,finance-accounting,finance-accounting,125
base,finance-accounting,fraud-review,0
base,finance-accounting,insurance-operations,0
base,finance-accounting,it-ot-operations,0
base,finance-accounting,manufacturing-operations,0
base,finance-accounting,payment-operations,0
base,finance-accounting,shipping-logistics,0
base,fraud-review,customer-crm,0
base,fraud-review,finance-accounting,59
base,fraud-review,fraud-review,45
base,fraud-review,insurance-operations,16
base,fraud-review,it-ot-operations,0
base,fraud-review,manufacturing-operations,2
base,fraud-review,payment-operations,3
base,fraud-review,shipping-logistics,0
base,insurance-operations,customer-crm,0
base,insurance-operations,finance-accounting,28
base,insurance-operations,fraud-review,0
base,insurance-operations,insurance-operations,97
base,insurance-operations,it-ot-operations,0
base,insurance-operations,manufacturing-operations,0
base,insurance-operations,payment-operations,0
base,insurance-operations,shipping-logistics,0
base,it-ot-operations,customer-crm,0
base,it-ot-operations,finance-accounting,36
base,it-ot-operations,fraud-review,1
base,it-ot-operations,insurance-operations,0
base,it-ot-operations,it-ot-operations,88
base,it-ot-operations,manufacturing-operations,0
base,it-ot-operations,payment-operations,0
base,it-ot-operations,shipping-logistics,0
base,manufacturing-operations,customer-crm,0
base,manufacturing-operations,finance-accounting,18
base,manufacturing-operations,fraud-review,0
base,manufacturing-operations,insurance-operations,1
base,manufacturing-operations,it-ot-operations,1
base,manufacturing-operations,manufacturing-operations,105
base,manufacturing-operations,payment-operations,0
base,manufacturing-operations,shipping-logistics,0
base,payment-operations,customer-crm,0
base,payment-operations,finance-accounting,27
base,payment-operations,fraud-review,1
base,payment-operations,insurance-operations,0
base,payment-operations,it-ot-operations,3
base,payment-operations,manufacturing-operations,0
base,payment-operations,payment-operations,94
base,payment-operations,shipping-logistics,0
base,shipping-logistics,customer-crm,0
base,shipping-logistics,finance-accounting,7
base,shipping-logistics,fraud-review,0
base,shipping-logistics,insurance-operations,0
base,shipping-logistics,it-ot-operations,1
base,shipping-logistics,manufacturing-operations,0
base,shipping-logistics,payment-operations,0
base,shipping-logistics,shipping-logistics,117
fine_tuned,customer-crm,customer-crm,110
fine_tuned,customer-crm,finance-accounting,5
fine_tuned,customer-crm,fraud-review,2
fine_tuned,customer-crm,insurance-operations,0
fine_tuned,customer-crm,it-ot-operations,2
fine_tuned,customer-crm,manufacturing-operations,0
fine_tuned,customer-crm,payment-operations,0
fine_tuned,customer-crm,shipping-logistics,6
fine_tuned,finance-accounting,customer-crm,0
fine_tuned,finance-accounting,finance-accounting,123
fine_tuned,finance-accounting,fraud-review,1
fine_tuned,finance-accounting,insurance-operations,0
fine_tuned,finance-accounting,it-ot-operations,0
fine_tuned,finance-accounting,manufacturing-operations,0
fine_tuned,finance-accounting,payment-operations,1
fine_tuned,finance-accounting,shipping-logistics,0
fine_tuned,fraud-review,customer-crm,0
fine_tuned,fraud-review,finance-accounting,18
fine_tuned,fraud-review,fraud-review,52
fine_tuned,fraud-review,insurance-operations,17
fine_tuned,fraud-review,it-ot-operations,4
fine_tuned,fraud-review,manufacturing-operations,3
fine_tuned,fraud-review,payment-operations,11
fine_tuned,fraud-review,shipping-logistics,20
fine_tuned,insurance-operations,customer-crm,0
fine_tuned,insurance-operations,finance-accounting,5
fine_tuned,insurance-operations,fraud-review,6
fine_tuned,insurance-operations,insurance-operations,112
fine_tuned,insurance-operations,it-ot-operations,1
fine_tuned,insurance-operations,manufacturing-operations,0
fine_tuned,insurance-operations,payment-operations,1
fine_tuned,insurance-operations,shipping-logistics,0
fine_tuned,it-ot-operations,customer-crm,3
fine_tuned,it-ot-operations,finance-accounting,5
fine_tuned,it-ot-operations,fraud-review,4
fine_tuned,it-ot-operations,insurance-operations,0
fine_tuned,it-ot-operations,it-ot-operations,111
fine_tuned,it-ot-operations,manufacturing-operations,1
fine_tuned,it-ot-operations,payment-operations,1
fine_tuned,it-ot-operations,shipping-logistics,0
fine_tuned,manufacturing-operations,customer-crm,2
fine_tuned,manufacturing-operations,finance-accounting,2
fine_tuned,manufacturing-operations,fraud-review,2
fine_tuned,manufacturing-operations,insurance-operations,0
fine_tuned,manufacturing-operations,it-ot-operations,3
fine_tuned,manufacturing-operations,manufacturing-operations,114
fine_tuned,manufacturing-operations,payment-operations,2
fine_tuned,manufacturing-operations,shipping-logistics,0
fine_tuned,payment-operations,customer-crm,0
fine_tuned,payment-operations,finance-accounting,3
fine_tuned,payment-operations,fraud-review,3
fine_tuned,payment-operations,insurance-operations,0
fine_tuned,payment-operations,it-ot-operations,4
fine_tuned,payment-operations,manufacturing-operations,0
fine_tuned,payment-operations,payment-operations,115
fine_tuned,payment-operations,shipping-logistics,0
fine_tuned,shipping-logistics,customer-crm,0
fine_tuned,shipping-logistics,finance-accounting,5
fine_tuned,shipping-logistics,fraud-review,0
fine_tuned,shipping-logistics,insurance-operations,0
fine_tuned,shipping-logistics,it-ot-operations,1
fine_tuned,shipping-logistics,manufacturing-operations,0
fine_tuned,shipping-logistics,payment-operations,0
fine_tuned,shipping-logistics,shipping-logistics,119
