model,true_route,predicted_route,count
base,order-processing,order-processing,9
base,order-processing,payment-operations,0
base,order-processing,logistics,1
base,order-processing,inventory-management,0
base,order-processing,customer-support,0
base,order-processing,fraud-review,0
base,payment-operations,order-processing,0
base,payment-operations,payment-operations,8
base,payment-operations,logistics,1
base,payment-operations,inventory-management,0
base,payment-operations,customer-support,0
base,payment-operations,fraud-review,1
base,logistics,order-processing,0
base,logistics,payment-operations,0
base,logistics,logistics,10
base,logistics,inventory-management,0
base,logistics,customer-support,0
base,logistics,fraud-review,0
base,inventory-management,order-processing,0
base,inventory-management,payment-operations,0
base,inventory-management,logistics,0
base,inventory-management,inventory-management,10
base,inventory-management,customer-support,0
base,inventory-management,fraud-review,0
base,customer-support,order-processing,0
base,customer-support,payment-operations,0
base,customer-support,logistics,0
base,customer-support,inventory-management,0
base,customer-support,customer-support,10
base,customer-support,fraud-review,0
base,fraud-review,order-processing,0
base,fraud-review,payment-operations,0
base,fraud-review,logistics,3
base,fraud-review,inventory-management,3
base,fraud-review,customer-support,1
base,fraud-review,fraud-review,3
fine_tuned,order-processing,order-processing,9
fine_tuned,order-processing,payment-operations,0
fine_tuned,order-processing,logistics,1
fine_tuned,order-processing,inventory-management,0
fine_tuned,order-processing,customer-support,0
fine_tuned,order-processing,fraud-review,0
fine_tuned,payment-operations,order-processing,0
fine_tuned,payment-operations,payment-operations,8
fine_tuned,payment-operations,logistics,1
fine_tuned,payment-operations,inventory-management,0
fine_tuned,payment-operations,customer-support,0
fine_tuned,payment-operations,fraud-review,1
fine_tuned,logistics,order-processing,0
fine_tuned,logistics,payment-operations,0
fine_tuned,logistics,logistics,10
fine_tuned,logistics,inventory-management,0
fine_tuned,logistics,customer-support,0
fine_tuned,logistics,fraud-review,0
fine_tuned,inventory-management,order-processing,0
fine_tuned,inventory-management,payment-operations,0
fine_tuned,inventory-management,logistics,0
fine_tuned,inventory-management,inventory-management,10
fine_tuned,inventory-management,customer-support,0
fine_tuned,inventory-management,fraud-review,0
fine_tuned,customer-support,order-processing,0
fine_tuned,customer-support,payment-operations,0
fine_tuned,customer-support,logistics,0
fine_tuned,customer-support,inventory-management,0
fine_tuned,customer-support,customer-support,10
fine_tuned,customer-support,fraud-review,0
fine_tuned,fraud-review,order-processing,2
fine_tuned,fraud-review,payment-operations,1
fine_tuned,fraud-review,logistics,1
fine_tuned,fraud-review,inventory-management,1
fine_tuned,fraud-review,customer-support,2
fine_tuned,fraud-review,fraud-review,3
